TH-CZ004;;6;4 093,00;1
TN-GT45-039-2;848239-0009;2;17 816,00;1
TN-Turbo-C1292-oe;ТКР С12-92-01;3;20 724,00;1
AC-G568e;;2;8 882,00;
AC-G659e;;1;12 713,00;
Turbo-G813;;2;32 218,00;
RK-G19-13-1;;2;1 045,00;1
AC-G239e;Старое AC-G428e,   AC-G682e;2;6 792,00;1
BM-019B;;4;8 185,00;1
EAM-001S;C мотор;3;1 916,00;1
EAI-001;C индикатор;6;1 149,00;1
EAW-001;C;9;784,00;1
GK-0408;;3;261,00;
NR-N086;;2;5 573,00;1
RK-BW1-2;;2;1 219,00;
RK-G66-1;;2;1 863,00;
RK-I28-1;;2;1 393,00;
TH-BW087M;;2;16 718,00;
TH-M107;;2;3 657,00;1
TN-FLP-131;28231-2GTA1;2;3 135,00;1
HX-021;hx-114;1;8 011,00;1
KP35-028B;;3;8 359,00;1
GT14-085B;;2;8 708,00;
R2S-041-LB;;2;9 578,00;
BM-009BR;;1;9 056,00;1
GT14-084B;;2;7 314,00;1
GT14-096B;;3;8 011,00;1
Co-010BR;;3;12 191,00;
TH-I016-3;Старое TH-I016-3;6;6 792,00;1
TN-Turbo-BW042-oe;1147-970-0043;3;54 509,00;
TN-EAA-001;D поводок;11;871,00;1
HX-079B;;1;12 713,00;
TF035-048B;;4;7 314,00;1
EAW-003;D;5;1 219,00;1
NR-N169;;1;8 533,00;
RK-KY3-1;;3;1 689,00;
RHF5-102;;2;7 140,00;1
NR-N171;;2;14 977,00;1
GK-0380-1;;4;261,00;1
TH-G331;;2;4 180,00;1
HX5-067;;2;14 106,00;1
TN-FLP-R2S;R2S-005-L;2;3 831,00;1
TN-FLP-N63-1;840069;4;2 090,00;1
TN-RHF4-099;vp71/1118010-a02-aa/jqp53;1;9 404,00;
GT14-030;;1;8 359,00;
K03-137BR;;5;8 185,00;1
TN-HE4-007B;;1;67 744,00;
TN-Turbo-S056-1-oe;1274-970-0004;3;18 112,00;
TN-Turbo-S056-oe;1274-970-0003;4;18 112,00;
Turbo-K105S;;2;35 178,00;1
Turbo-KA001-4FB;7с6м/740601118013;3;15 674,00;
Turbo-KA001-5FB;7с6м/740601118012;3;15 674,00;
Turbo-VF009-OE;1390-003-002/2430003003 ;1;91 255,00;
Turbo-G820;;2;38 313,00;1
TD02-028-1B;;1;7 663,00;1
TD02-068BR;;3;6 966,00;1
TD04-090;;3;8 011,00;1
TH-G437;;2;4 528,00;1
RK-G26-5;;4;2 003,00;1
GT12-040B;;6;8 011,00;1
B03-014BR;;1;9 752,00;1
GT12-033-1B;;2;7 837,00;
R2S-063-HB;;3;12 713,00;1
TH-BW030;;1;4 876,00;1
RK-BW4-9R;;2;1 428,00;
AC-K081;;2;1 306,00;1
TN-FLP-077-2;06k145721q;3;3 657,00;1
NR-N142;;2;8 533,00;1
BV38-000BR;;1;7 488,00;
CZ-016;;2;17 102,00;1
TD04-079;;3;6 269,00;1
NR-N115-1;;1;3 831,00;1
Turbo-T031-1;;2;33 437,00;1
Turbo-I199;;1;15 325,00;1
TN-TH-H131;5356555/1118010-M35-0000;1;9 578,00;
EAM-004;D мотор;5;3 483,00;1
HE4-047B;;5;60 604,00;1
TN-Turbo-3785228-oe;3785228;3;30 302,00;
KAM-040B;TKP 800512 new;3;18 234,00;1
GK-0806;;3;226,00;
NR-N005-2;;2;3 135,00;1
RK-H17-2;;3;2 438,00;1
K03-067-1BR;;3;8 011,00;1
B03-024BR;;1;11 146,00;1
NR-VGT-VG8-007;;1;14 629,00;
B01-027B;;4;8 359,00;1
B03-007BR;;2;10 101,00;1
B03-009BR;;4;10 101,00;1
GT17-148BG;;2;18 286,00;1
GT17-227B;;1;15 848,00;
GT42-020-2B;;2;21 246,00;
R2S-063-LBR;;1;14 454,00;1
R2S-073-HB;;3;10 101,00;1
TH-M061;;2;4 005,00;
RK-G25-2;;4;2 961,00;1
TH-Co001M;alluminium e&e;2;30 302,00;1
RK-KA13-1;;6;1 742,00;1
GT14-045B;;1;7 488,00;1
Turbo-M290;;1;17 415,00;1
NR-N095R;;1;7 663,00;1
EAM-002;B;2;1 742,00;1
K03-181B;;6;15 674,00;1
GT12-052B;;2;8 708,00;1
RK-G25-2-2;;3;2 961,00;1
Turbo-H045;HE351W/4955908/4043980;1;16 718,00;1
Turbo-M159;;1;14 803,00;1
BV40-009B;;3;9 230,00;1
S3-197-1B;;2;43 189,00;
AC-K275e;;2;6 269,00;1
HE4-007B;;2;41 448,00;1
NR-N121-1;;2;7 837,00;1
FLP-097;49373-01000;12;1 132,00;1
TH-G483;;3;5 747,00;
TN-Turbo-S066-OE;316429/316699/a0060966699;1;21 344,00;
TN-Turbo-K229-OE;5331-970-6911 MAHLE;1;24 355,00;
NR-N083-4;;1;6 269,00;1
R2S-070-LBR;6560902800 AL-0083 10009700322;5;22 814,00;1
KAM-027;TKP-6.1;5;10 101,00;1
KAM-027-1;TKP-6;3;14 803,00;1
NR-N163;;1;13 235,00;1
NR-VGT-SET9;;3;8 185,00;
TN-Turbo-S294;AL-2013, A4710903480;2;89 687,00;
GT17-113R;;2;8 011,00;1
K03-136B;;2;8 185,00;1
TH-M038S;;2;5 225,00;1
GT45-036B;;2;16 544,00;1
TH-M013;;2;3 657,00;
TH-M050S;;3;5 399,00;
K03-035-1B;;13;7 488,00;1
GT17-060-3B;;32;6 792,00;1
AC-I219e;;2;8 882,00;
CT-VNT-1B;;2;6 966,00;1
TN-FLP-RS5;5303-970-0768;4;4 354,00;1
TBS-15G-4466;;2;6 269,00;1
TBS-15I-3366;;3;6 444,00;1
TBS-15K-2772;;2;8 011,00;1
TN-Turbo-CZ009-CZ;С13-267/295-01/534431118010-10;3;21 769,00;1
TN-Turbo-S082-oe;1376-970-0040 s300;2;32 044,00;1
TN-Turbo-CZ009-1-yamz;С13-297/285-01/534431118010-40;1;21 769,00;1
AC-BW041e;;1;10 275,00;1
RHF4-167BR;;1;9 404,00;1
NR-N164;;1;3 135,00;1
TH-Co003;;1;6 444,00;1
RHF4-166B;;1;9 404,00;1
Turbo-G253;;2;24 903,00;1
TN-FLP-5304-0103;5304-970-0103 03L145715;2;1 219,00;1
TN-Turbo-GH78-M;835406-11/12/28211-4C001;2;36 223,00;1
TN-GT42-038;800992;2;14 454,00;1
TN-CZ-043;k27-61;3;12 539,00;1
TN-K03-137BR;TN-K03-137BR;1;16 718,00;
AC-G319;AC-G319;1;1 219,00;1
K03-025;;2;6 618,00;
KAM-041B;801513 н,о;6;13 758,00;1
RHF3-097BR;;4;9 230,00;1
TH-K082;;2;4 180,00;1
Turbo-G291-1;;3;24 903,00;
TD02-078B;;2;7 488,00;1
TD03-015BR;;1;7 663,00;1
TH-K090;;2;3 831,00;1
TH-K102M;;1;10 797,00;1
TH-M062S;;2;3 483,00;1
Turbo-G040S;;1;27 516,00;1
K14-006;;2;6 444,00;1
B03-017;;2;10 275,00;1
TN-Turbo-KA017;ТКР 6/D-245.27 D-245S-435/437;1;17 119,00;
TN-Turbo-KY001;K0JP095K005 JP100;3;40 055,00;1
TN-Turbo-CZ010-oe;К36-087-01/48597514018;3;22 988,00;
B01-014BR;B01-014BR;4;8 011,00;1
NR-N021-3;NR-N021-3;2;3 657,00;1
NR-VGT-VG8-005-N;NR-VGT-VG8-005-N;5;14 629,00;1
TH-G260;TH-G260;1;4 005,00;1
TN-AC-H057e;5464802 от he-039b;3;69 660,00;
TN-CHRA-C1292;С12-092;3;20 550,00;
TN-Turbo-6412840;202V09100-7841/1387-970-0175;3;45 627,00;
RK-T4-2;;2;1 654,00;1
Turbo-K064-1S;;2;23 684,00;1
B01-011B;;2;8 708,00;
TBS-15T-1999;;2;6 269,00;1
TBS-78HA-2000C;;2;3 309,00;1
K03-085B;;2;9 404,00;1
NR-N003-1;;1;2 438,00;1
Turbo-K143;;1;26 819,00;1
NR-N002;;5;2 873,00;1
NR-N003;;3;3 048,00;1
NR-N004;;1;2 786,00;1
NR-N005;;7;3 396,00;1
NR-N005-1;;2;3 396,00;1
NR-N008;;2;5 225,00;1
NR-N008-1;;5;5 050,00;1
NR-N008-1-S;;1;1 358,00;
NR-N008-2;;2;5 225,00;1
NR-N008-3;;2;5 747,00;1
NR-N008-3-S;;2;1 219,00;
NR-N008-4;;4;6 095,00;1
NR-N008-4-S;;2;1 167,00;1
NR-N008-7;;1;5 225,00;1
NR-N010;;2;5 573,00;
NR-N011;;1;5 573,00;1
NR-N012;;2;3 657,00;1
NR-N014;;1;4 005,00;1
NR-N017;;7;4 876,00;1
NR-N019;;5;3 135,00;1
NR-N021;;2;3 744,00;1
NR-N021-1B;;6;3 483,00;1
NR-N022;;22;6 095,00;1
NR-N025;;4;15 151,00;1
NR-N030-1;;2;5 225,00;1
NR-N037;;1;3 135,00;1
NR-N037-1B;;4;2 873,00;1
NR-N037-3B;;2;3 309,00;1
NR-N040;;2;6 618,00;1
NR-N042;;32;3 135,00;1
NR-N042-1B;;2;2 786,00;1
NR-N042-2B;;8;2 786,00;1
NR-N043-1;;3;8 882,00;1
NR-N044;;2;3 657,00;
NR-N049;;2;3 483,00;1
NR-N050;;3;3 570,00;1
NR-N050-1;;2;4 005,00;
NR-N050-2B;;4;3 657,00;1
NR-N053;;4;8 011,00;1
NR-N054-2;;3;3 831,00;1
NR-N055-3B;;4;2 873,00;1
NR-N055B;;3;3 222,00;1
NR-N058-3B;;4;4 005,00;1
NR-N058B;;2;3 831,00;1
NR-N060;;2;3 831,00;1
NR-N061;;3;3 483,00;1
NR-N062;;3;6 792,00;1
NR-N063;;6;8 185,00;1
NR-N064;;4;5 573,00;1
NR-N064-1;;1;5 573,00;1
NR-N064-2;;3;5 573,00;1
NR-N064-3;;4;5 399,00;
NR-N065;;3;6 618,00;
NR-N068;;2;4 005,00;1
NR-N069;;2;5 747,00;1
NR-N070;;2;13 235,00;1
NR-N074;;2;5 921,00;1
NR-N076;;6;5 921,00;1
NR-N076-1;;2;6 269,00;1
NR-N077;;3;3 744,00;1
NR-N077-1;;3;3 831,00;1
NR-N077-3;;4;4 354,00;1
NR-N078;;6;3 222,00;1
NR-N080-1;;3;7 663,00;1
NR-N081;;3;5 747,00;1
NR-N082;;2;6 269,00;1
NR-N085-1;;2;5 573,00;
NR-N085-2;;3;5 921,00;1
NR-N085R;;1;6 618,00;
NR-N087;;6;7 488,00;1
NR-N088;;2;6 444,00;1
NR-N091;;1;12 539,00;1
NR-N091-1;;2;13 061,00;1
NR-N092-1;;8;6 269,00;1
NR-N092R;;14;6 269,00;1
NR-N097-2;;2;5 660,00;
NR-N098;;4;6 444,00;1
NR-N106-1;Старое NR-N108-6;4;6 792,00;1
NR-N107;;2;6 618,00;1
NR-N107-1B;;1;697,00;1
NR-N108;;2;6 618,00;1
NR-N113;;1;7 488,00;1
NR-N120;;1;7 488,00;1
NR-N121;;3;7 663,00;1
NR-N132;;3;5 921,00;1
NR-N133;;1;6 269,00;1
NR-N151R;;2;6 444,00;1
NR-N153;;2;13 758,00;1
NR-N158;;2;7 314,00;1
NR-VG1-2b;;5;2 961,00;1
NR-VG1-4c;;7;1 393,00;1
NR-VG1-8;;14;610,00;1
NR-VG1-9;;11;610,00;1
NR-VG6-2a;;2;4 528,00;
NR-VGT-VG1-001;;1;14 803,00;
NR-VGT-VG1-002;;3;14 454,00;1
NR-VGT-VG6-001;;1;14 454,00;1
TN-FLP-49180-01240;;4;3 135,00;1
FLP-020;49131-07005;8;1 219,00;1
FLP-021;5303-970-0120;2;1 132,00;1
FLP-031;06h145702q;7;1 097,00;1
FLP-034;781504;2;1 219,00;1
TN-FLP-037;03F145701R/G/F;1;1 742,00;
FLP-038;03f145701k;1;1 219,00;1
FLP-043;5303-970-0099;3;2 090,00;1
FLP-044;5303-970-0110;2;1 045,00;1
FLP-045;5303-970-0159;25;1 567,00;1
TN-FLP-045-1;c крутилкой;2;2 090,00;1
TN-FLP-04E145713Q;Bosch;3;3 657,00;1
TN-FLP-055;;2;2 090,00;1
TN-FLP-060;5303-970-0086;2;2 090,00;1
FLP-064; 53039700064;2;592,00;1
FLP-072;49477-02001/2/3/4/5/6/7/8;17;2 090,00;1
FLP-076;10009700076;2;2 090,00;1
TN-FLP-077;06k145722h;8;3 657,00;1
TN-FLP-082;06J145702K/T/L;6;2 786,00;1
TN-FLP-097;49373-01000;8;2 090,00;1
TN-FLP-17201-36010;;3;4 005,00;1
TN-FLP-53049700033;;3;3 135,00;1
TN-FLP-128;820021;5;3 483,00;1
TN-FLP-A271;;4;2 264,00;1
TN-FLP-A276;;5;7 488,00;1
TN-FLP-A278;;3;7 663,00;1
TN-FLP-N55;1853-970-0008;2;2 090,00;
TN-FLP-N63;;1;2 090,00;1
TN-FLP-S63;gt22-043;5;2 090,00;
B0-000B;;4;7 314,00;1
B0-003B;;1;7 488,00;1
B0-006B;;4;7 314,00;1
B01-001B;;3;7 663,00;1
B01-002BR;;2;7 837,00;1
B01-004BR;;2;8 011,00;
B03-000BR;;4;10 101,00;1
B03-001;;3;8 708,00;1
B03-002;;1;8 708,00;1
B03-003B;;5;9 578,00;1
B03-004BR;;6;10 101,00;1
B03-012B;;2;9 927,00;1
B03-013BR;;1;9 752,00;1
B1-002;;1;8 708,00;1
B1-004;;2;9 056,00;1
B1-008B;;2;11 320,00;1
B1-011B;;11;12 016,00;1
B2-007;;10;11 842,00;1
B2-016;;3;11 494,00;1
B2-025;;2;11 842,00;
B2-061B;53602.1118010,YaMZ 536 Eu;3;13 235,00;1
R2S-071-L;B3-000-C;11;15 151,00;1
B3-000-C1B;;6;17 067,00;1
BM-000B;;3;8 185,00;1
BM-001BR;;4;9 578,00;1
BM-003BR;;11;8 359,00;1
BM-006BR;;2;8 359,00;1
BV38-003B;;2;7 488,00;1
BV40-000B;;12;6 966,00;1
BV40-001B;;4;7 488,00;1
BV40-002B;;1;7 663,00;1
BV40-004B;;1;8 359,00;1
BV40-007B;;2;8 011,00;1
BV70-000B;;1;27 342,00;1
Co-002BR;;5;8 185,00;1
Co-008BR;HX7Z-6k682;2;8 882,00;1
Co-009BR;Старое RHF5-087,RHF5-122;5;9 056,00;1
CT-VNT;CT-VNT;25;6 269,00;1
CT-VNT3B;;5;8 882,00;1
CT-VNT4B;;7;8 882,00;1
CT-VNT5;;2;7 837,00;1
CT-VNT7BG;;2;20 550,00;1
CT12B-000;;4;7 488,00;1
CT16-000;;3;6 095,00;1
CT16-001;;2;6 269,00;1
CT20-001;CT20-000;1;9 404,00;1
CT20-005;;3;8 359,00;1
CT26-000;;1;9 230,00;1
CT9-000;CT9-001,CT9-002,CT12-009;3;7 837,00;1
CZ-000;;1;7 314,00;1
CZ-002;C14;9;7 837,00;1
CZ-005;C15-505;2;9 578,00;1
CZ-008;K27-145-01;3;8 359,00;1
CZ-019B;;20;8 882,00;1
DSGT-001-H;;2;7 663,00;1
DSGT-001-L;;2;7 663,00;1
GT12-001;;1;7 314,00;1
GT12-021B;;2;7 488,00;1
GT12-041B;;1;7 488,00;1
GT12-051B;;5;8 708,00;1
GT12-059B;;1;8 185,00;
GT12-063B;;3;8 185,00;1
GT12-079B;;2;8 882,00;1
GT14-002;;2;7 837,00;1
GT14-004;;2;5 921,00;1
GT14-005;;1;7 837,00;1
GT14-006;;5;7 663,00;1
GT14-008;;3;6 966,00;1
GT14-009;;13;6 792,00;1
GT14-013;;20;6 269,00;1
GT14-015;;3;6 792,00;
GT14-018;;15;6 966,00;1
GT14-029BR;;1;8 359,00;1
GT14-033B;;2;8 708,00;
GT14-035;;2;8 533,00;1
GT14-048-1B;;1;8 533,00;1
GT14-048B;;6;7 837,00;1
GT14-053-1B;;2;8 708,00;1
GT14-056B;;3;7 663,00;1
GT14-065B;;2;8 708,00;1
GT15-001;;5;5 225,00;1
GT15-004;;3;5 225,00;1
GT15-012;;4;6 095,00;1
GT15-013;;2;5 225,00;1
GT15-014;;3;5 747,00;1
GT15-016;;2;6 618,00;1
GT15-017;;2;7 314,00;1
GT15-018;;1;7 314,00;1
GT15-019;;2;5 747,00;1
GT15-020;;1;5 573,00;1
GT15-024;;2;5 921,00;1
GT15-024-1;;2;6 269,00;1
GT15-025;;1;6 444,00;1
GT15-028;;2;5 573,00;1
GT15-029;;6;5 747,00;1
GT15-033;;6;6 095,00;1
GT15-035;;4;5 747,00;1
GT15-037;;2;7 663,00;
GT15-043;;1;5 573,00;
GT15-051;;4;5 921,00;1
GT15-053;;2;5 573,00;1
GT15-057;;2;5 747,00;
GT15-063;;2;5 747,00;1
GT15-065;;2;6 269,00;
GT15-067;;2;7 314,00;
GT15-070;;3;7 663,00;1
GT15-074;;2;7 314,00;1
GT15-076;;8;7 314,00;1
GT15-081;;2;6 095,00;1
GT15-086;;1;6 966,00;1
GT15-087;Старое GT17-217;2;5 399,00;1
GT15-091;;3;7 663,00;1
GT15-094;;2;7 140,00;1
GT15-099;;2;8 011,00;1
GT15-100;;3;7 488,00;1
GT15-110;;3;7 314,00;1
GT16-002;;1;6 966,00;1
GT17-001;;3;6 966,00;1
GT17-005;;3;5 747,00;1
GT17-008;;12;6 618,00;1
GT17-010;;1;6 792,00;
GT17-011;;4;6 095,00;1
GT17-012;;3;6 269,00;
GT17-014;;5;6 269,00;1
GT17-017;;2;8 011,00;1
GT17-020;;2;6 792,00;
GT17-022;;1;5 921,00;
GT17-024;;3;6 618,00;
GT17-026;;2;6 792,00;1
GT17-027;;2;5 921,00;1
GT17-028;Старое GT17-083;2;7 663,00;1
GT17-029;;1;5 921,00;1
GT17-043;;2;7 488,00;
GT17-047;;2;7 837,00;1
GT17-050;;2;7 837,00;1
GT17-055;;2;8 882,00;1
GT17-057;;4;7 140,00;1
GT17-060;GT17-060;1;6 444,00;1
GT17-064;;4;7 837,00;
GT17-066;;10;9 578,00;1
GT17-067;;2;5 921,00;1
GT17-073;;22;7 314,00;1
GT17-074;тонкий;10;7 314,00;1
GT17-074-1;толстый;6;7 488,00;1
GT17-079;;2;6 269,00;1
GT17-088;;11;8 185,00;1
GT17-092;толстый;2;7 663,00;1
GT17-092-1;тонкий;9;7 663,00;1
GT17-094;;2;8 185,00;1
GT17-095;;2;8 533,00;1
GT17-104;;4;6 966,00;1
GT17-104-1;;2;7 140,00;1
GT17-110;;2;9 230,00;1
GT17-112;;8;8 359,00;1
GT17-117BG;;12;17 067,00;1
GT17-128;;5;8 708,00;1
GT17-129;;2;8 708,00;1
GT17-133;;3;8 882,00;1
GT17-133-1;;5;8 882,00;1
GT17-144B;;2;8 185,00;1
GT17-149;;2;8 011,00;
GT17-153B;;2;8 882,00;
GT17-162BG;;5;17 937,00;1
GT17-168;;5;7 663,00;1
GT17-169;;3;7 663,00;1
GT17-174;SALGA vin;1;9 404,00;1
GT18-000;;2;6 269,00;
GT18-001;;4;6 444,00;1
GT18-008;;3;9 404,00;1
GT18-009;;2;7 314,00;1
GT18-012;;3;7 140,00;1
GT18-017;;2;9 230,00;1
GT20-000;;4;5 573,00;1
GT20-015;GT20-052;3;6 269,00;1
GT20-020;;2;5 921,00;1
GT20-025;;2;6 618,00;1
GT20-027-O;;2;7 314,00;1
GT20-027-W;;1;9 230,00;
GT20-030;;4;8 185,00;1
GT20-033;;2;8 185,00;1
GT20-034;;2;6 618,00;1
GT20-035;;6;8 185,00;1
GT20-044;;16;7 663,00;1
GT20-061;;1;9 752,00;1
GT20-062;;2;8 185,00;1
GT20-066;;3;9 752,00;1
GT20-068;;2;9 752,00;1
GT20-072B;;2;10 101,00;1
GT20-077;;4;9 056,00;1
GT20-078BG;;6;18 286,00;1
GT20-081;;1;9 056,00;1
GT20-089;;2;7 314,00;1
GT20-097B;;1;9 230,00;1
GT20-099B;;3;9 752,00;1
GT20-100BR;;3;9 578,00;1
GT20-110B;;2;10 101,00;1
GT22-001;;1;7 314,00;1
GT22-005;;2;7 663,00;1
GT22-007;;3;7 314,00;
GT22-008;;2;7 837,00;1
GT22-009;;1;7 837,00;
GT22-011;;2;6 095,00;
GT22-014;;2;6 618,00;1
GT22-015;;2;7 140,00;1
GT22-018;;3;7 837,00;
GT22-020;;3;7 663,00;1
GT22-021;;2;8 882,00;1
GT22-026;;15;8 882,00;1
GT22-031;;2;7 140,00;
GT22-033;;14;8 708,00;1
GT22-034;;8;8 533,00;1
GT22-036-1;;2;6 444,00;1
GT22-037;;3;8 359,00;1
GT22-048;Старое GT22-006;2;7 314,00;
GT22-049;;8;6 618,00;1
GT22-053R;;3;8 011,00;1
GT22-054R;;7;8 011,00;1
GT22-057;;5;8 359,00;1
GT22-064;;1;9 230,00;1
GT22-073;;3;8 185,00;1
GT22-080;;3;8 708,00;1
GT22-085BR;;2;8 359,00;1
GT22-096BR;;3;10 449,00;1
GT22-118R;;3;8 708,00;
GT23-006;gt23-001;1;8 708,00;1
GT23-002;;2;6 966,00;1
GT23-003;;3;7 140,00;1
GT23-004;;1;7 488,00;1
GT25-000;;3;7 488,00;1
GT25-002;;1;7 140,00;1
GT25-006;GT25-021;5;5 921,00;1
GT25-018;;2;6 269,00;1
GT25-028;;2;7 140,00;1
GT30-006;;2;12 713,00;1
GT32-020;;2;9 752,00;1
GT35-003;;2;11 494,00;1
TN-GT37-026;753481-1 only;3;17 241,00;
GT40-020;;7;14 803,00;
GT40-028;;6;23 162,00;1
GT40-028-1;;3;22 814,00;1
GT42-002;;2;11 494,00;
GT42-019-C;;8;13 758,00;1
GT42-022;;3;12 016,00;1
GTA-000;;2;34 482,00;
GTA-012;;3;10 971,00;1
GTA-018;Старое GT42-018;3;14 803,00;1
GTR-011G;;3;16 718,00;1
GTR-012G;;27;18 112,00;1
GTR-039BG;;6;18 286,00;1
H1-001;;1;8 359,00;1
HE-008;;10;6 269,00;1
HE-009;;2;6 618,00;1
HE-010;;4;5 921,00;1
HE-012;;7;8 359,00;1
HE-021;;2;6 444,00;1
HE-024;;4;6 095,00;1
HE-040;;11;6 792,00;1
HE5-008;;3;14 106,00;
HE5-018;;2;14 106,00;1
HE5-025B;;2;15 848,00;1
HT-002;;1;7 837,00;1
HT-005;;2;9 404,00;1
HTB-008R;;1;19 853,00;1
HX25-001;;5;6 269,00;1
HX-001;;2;8 185,00;1
HX-002;аналог hx-013;3;8 708,00;
HX-004;;3;8 185,00;1
HX-005;;2;7 837,00;1
HX-009;;1;8 011,00;1
HX-013;аналог hx-002;3;8 533,00;1
HX-026;;3;8 185,00;1
HX-056;;1;8 533,00;1
HX-092;;1;8 185,00;1
HX-104;;3;8 882,00;1
HX-179-C;;4;9 056,00;
HX25-003;;1;6 095,00;1
HX5-000-C;;1;13 235,00;1
HX5-001;;2;11 668,00;1
HX5-002;;2;12 887,00;1
HX5-003;;2;13 584,00;1
HX5-007;;1;13 061,00;1
HX5-008;;4;12 713,00;1
HX5-011;;2;13 410,00;1
HX5-014;;1;13 410,00;1
HX5-018B;;3;14 803,00;
HX5-042B;;2;14 629,00;1
HX5-057;;2;11 320,00;
HX5-059;;7;13 584,00;1
HX5-081;3597659;1;11 842,00;1
HX5-089;;4;12 713,00;1
HY40-004B;;3;42 493,00;1
HY55-002;;2;42 144,00;1
HY55-003;;2;43 886,00;1
HY55-008;;5;54 509,00;1
HY55-015B;;2;50 155,00;
K03-000;;2;5 399,00;1
K03-002;Старое K03-077;1;6 269,00;1
K03-003;;4;5 399,00;1
K03-004-1;;4;6 444,00;1
K03-009;;3;6 269,00;1
K03-013;;3;5 399,00;1
K03-016;;2;6 444,00;1
K03-017;;3;5 399,00;
K03-023;;3;5 399,00;
K03-024;;2;6 444,00;1
K03-031;;9;6 444,00;1
K03-036;;4;6 444,00;1
K03-039B;;3;6 966,00;1
K03-040;;5;6 966,00;1
K03-041;;17;6 792,00;1
K03-043B;;3;7 488,00;1
K03-047;;5;6 966,00;1
K03-048B;;1;6 966,00;1
K03-054B;;3;7 140,00;1
K03-055B;;2;7 140,00;1
K03-056;;22;6 618,00;1
K03-058B;;7;8 533,00;1
K03-060;;5;6 792,00;1
K03-062B;;3;7 837,00;1
K03-067BR;;8;7 837,00;1
K03-070B;;4;7 663,00;1
K03-078B;;9;8 882,00;1
K03-081B;;4;8 359,00;1
K03-093;;5;7 140,00;1
K03-094B;;3;7 314,00;1
K03-095B;;3;9 056,00;1
K03-100B;;3;8 011,00;1
K03-107B;;3;7 837,00;1
K03-108B;;1;8 708,00;
K03-114B;;59;8 533,00;1
K03-125;;2;7 488,00;1
K03-129B;;2;8 533,00;1
K03-130B;;3;9 230,00;1
K03-176;;2;6 966,00;1
K04-000;;3;5 747,00;
K04-004;;2;5 747,00;
K04-007;;3;6 618,00;
K04-010;;1;7 837,00;1
K04-013;;4;6 966,00;1
K04-015;;1;6 792,00;1
K04-016;;3;8 359,00;1
K04-017;;13;8 533,00;1
K04-019;;14;6 792,00;1
K04-020-C;;2;5 921,00;1
K04-022;;1;8 359,00;1
K04-027;;3;6 966,00;1
K04-034B;;2;6 618,00;1
K04-036;;1;7 837,00;
K04-047;;3;8 882,00;1
K04-063;;1;7 140,00;1
K0CG-003BR;;3;8 533,00;
K0CG-010BR;;3;8 533,00;1
K0CG-011B;;2;8 533,00;1
K14-004;;2;7 140,00;1
K14-009;;6;6 444,00;1
K14-011;;2;6 444,00;1
K14-017;;8;7 140,00;1
K16-000B;;4;6 095,00;1
K16-011;;2;6 966,00;1
K16-028;пара: KP35-010B;5;8 359,00;1
K16-029;;2;7 140,00;1
K24-006;Старое K24-022;2;8 359,00;1
K26-027B;;2;11 146,00;1
K27-005-C1;;2;9 752,00;1
K27-008B;;2;9 927,00;1
K29-000B;;12;13 932,00;1
K29-002;;2;12 887,00;1
K29-003B;;3;13 932,00;1
K31-003;;2;13 758,00;
K31-004-C;;4;14 803,00;1
K31-004B;;2;16 196,00;1
K31-007;;2;14 454,00;1
K31-009B;;5;14 977,00;1
K31-021B;;2;15 151,00;1
KAM-001-C2FB;;10;7 488,00;1
KAM-028;TKP50;9;7 837,00;1
KAM-029;TKP80.15.13;8;9 752,00;1
KP35-000;;2;5 225,00;1
KP35-003;;2;5 225,00;1
KP35-005;;10;5 573,00;1
KP35-010B;пара: K16-028;2;6 792,00;1
KP35-013;;3;5 573,00;1
KP35-014;;7;6 618,00;1
KP39-001;;13;5 747,00;1
KP39-001-1;;4;6 444,00;1
KP39-002;;1;5 747,00;1
KP39-004;;3;6 269,00;1
KP39-005;;1;6 618,00;1
KP39-006;;4;6 269,00;1
KP39-007;;3;6 444,00;1
KP39-009;;4;5 573,00;1
KP39-010;;1;6 444,00;1
KP39-012;;2;6 095,00;1
KP39-013;;4;6 095,00;1
KP39-015;;3;6 966,00;1
KP39-020;;3;6 618,00;1
KP39-021;;9;6 966,00;1
KP39-022;Старое R2S-025-H;2;5 747,00;1
KP39-024;;3;6 792,00;1
KP39-025;;11;6 792,00;1
KP39-027;;2;6 618,00;1
KP39-034;;2;6 792,00;
KP39-035B;;5;6 966,00;1
KY-003B;;2;22 640,00;1
KY-007B;;2;22 640,00;1
NGT-010BR;;2;7 488,00;1
NGT-031BR;;2;7 663,00;1
R2S-000-HB;;10;5 921,00;1
R2S-000-L1B;;7;6 444,00;1
R2S-000-LB;;5;6 792,00;1
R2S-001-LB;Старое R2S-016-L;9;6 618,00;1
R2S-003-HB;;12;5 225,00;1
R2S-003-LB;;5;7 488,00;1
R2S-005-HB;;8;5 573,00;1
R2S-005-LB;;6;6 966,00;1
R2S-007-H;;2;8 708,00;1
R2S-007-L;;3;12 016,00;1
R2S-009-LB;;7;6 792,00;1
R2S-010-HB;;3;9 578,00;1
R2S-011-L;Старое R2S-011-L / K26-006;5;8 708,00;1
R2S-012-HB;;2;9 927,00;1
R2S-013-H;;1;5 747,00;1
R2S-013-L;;2;7 314,00;1
R2S-018-H;;1;8 708,00;1
R2S-018-L;;2;13 758,00;1
R2S-020-H;;2;6 618,00;1
R2S-020-L;;1;8 185,00;1
R2S-021-L;;2;7 488,00;
R2S-028-HB;;3;6 792,00;
R2S-028-LB;;2;8 359,00;
R2S-031-HB;;9;6 444,00;1
R2S-031-LB;;6;8 011,00;1
R2S-035-1-HB;;2;7 314,00;1
R2S-035-1-LB;;2;8 708,00;
R2S-035-HB;;2;7 314,00;
R2S-035-LBR;;6;8 708,00;1
R2S-036-HB;;4;8 011,00;1
R2S-036-LBR;;2;9 404,00;1
R2S-039-HB;;3;7 140,00;1
R2S-039-LB;;2;8 533,00;1
R2S-021-H;R2S-042-H;3;5 573,00;1
R2S-042-L;;6;8 533,00;1
R2S-044-HB;;3;8 011,00;1
R2S-044-LB;;3;13 584,00;1
R2S-055-LB;;6;11 494,00;1
RH6-027;;2;10 971,00;1
RHB5-011;;2;7 663,00;
RHF3-008;;2;8 011,00;1
RHF3-011;;2;8 359,00;
RHF3-012B;;5;7 837,00;1
RHF3-030;;2;7 837,00;
RHF3-033B;;1;8 533,00;1
RHF3-035BR;;3;8 185,00;1
RHF3-052;;3;7 663,00;1
RHF3-053B;;10;8 011,00;1
RHF3-055B;;9;8 011,00;1
RHF4-003;;1;6 966,00;1
RHF4-010;Старое RHF4-046;1;6 966,00;1
RHF4-011;;2;6 966,00;1
RHF4-012;;3;6 792,00;1
RHF4-016;;7;6 966,00;1
RHF4-017;;3;8 359,00;1
RHF4-023;;2;7 314,00;
RHF4-026;;2;7 837,00;
RHF4-027;;2;6 966,00;
RHF4-028;;3;7 488,00;1
RHF4-029;;1;6 966,00;
RHF4-032;;3;6 966,00;
RHF4-033;;17;8 882,00;1
RHF4-037;;1;8 708,00;
RHF4-037-1;;3;9 230,00;
RHF4-038;;1;6 618,00;1
RHF4-041-1;;6;8 708,00;1
RHF4-042;;2;7 140,00;1
RHF4-051B;;7;8 708,00;1
RHF4-052;;12;8 708,00;1
RHF4-052-1;;8;8 533,00;1
RHF4-053;;7;8 708,00;1
RHF4-059BR;;16;8 882,00;1
RHF4-072B;;3;8 185,00;1
RHF4-081;;3;7 488,00;1
RHF4-083B;;1;9 230,00;1
RHF4-092;;1;9 578,00;1
RHF5-001;;7;7 314,00;1
RHF5-002;;1;8 011,00;1
RHF5-004;;1;7 140,00;1
RHF5-005G;;5;14 803,00;1
RHF5-007;Старое RHF5-060;2;7 837,00;1
RHF5-008;;1;7 488,00;1
RHF5-009;;2;8 011,00;1
RHF5-019;;2;7 488,00;1
RHF5-024;;2;8 359,00;1
RHF5-024-1;;2;8 359,00;
RHF5-026;;16;7 488,00;1
RHF5-027;;22;7 488,00;1
RHF5-030;;2;7 663,00;1
RHF5-031BR;;6;8 882,00;1
RHF5-033BR;;1;9 056,00;1
RHF5-037;;1;7 488,00;1
RHF5-045;;3;8 185,00;1
RHF5-049;;2;7 837,00;1
RHF5-073;VIGJ;1;8 011,00;1
RHF5-079;VILF;3;14 280,00;1
RHF5-089B;;1;9 578,00;1
S1-000;;2;5 921,00;1
S1-001;;4;6 618,00;1
S1-002;;3;6 966,00;1
S1-006;;3;5 921,00;1
S1-009;;2;6 618,00;1
S2-006;S2B;11;8 882,00;1
S2-015;;1;9 752,00;
S2-073;;1;11 146,00;1
S2-083;;4;9 927,00;1
S2-141;S200 метан;21;8 359,00;1
S3-018;;1;14 803,00;1
S3-038;;2;11 320,00;
S3-044;;1;17 067,00;1
S3-089-C;;1;10 797,00;1
S3-093-C;;3;11 494,00;1
S3-104;;5;11 668,00;1
S4-003;;2;13 758,00;1
S4-008B;;3;16 893,00;
S4-019B;;5;16 893,00;1
S4-020;Старое S4-042;3;18 112,00;
S4-039;;2;18 286,00;
S4-101B;;2;27 864,00;1
T2-000;;2;5 225,00;
T2-002;;2;6 966,00;
T2-006;;3;6 792,00;
T2-018;;3;5 399,00;1
T2-026;;1;6 095,00;1
T2-047;;3;5 747,00;1
T2-048;;3;6 966,00;1
T2-051;;2;5 747,00;1
T2-052;;4;5 921,00;1
T4-042;;2;8 533,00;1
T4-063;;1;8 185,00;
TA45-004;;1;10 623,00;1
TA51-001;;2;11 668,00;
TD02-000;;3;5 050,00;1
TD02-003;;3;5 050,00;1
TD02-004;;12;5 921,00;1
TD02-007;;1;5 225,00;1
TD02-014BR;;5;6 966,00;1
TD02-016;;3;5 747,00;1
TD02-017;;3;5 747,00;1
TD02-023;;1;6 444,00;1
TD02-025BR;;4;7 140,00;1
TD02-042BR;;8;7 488,00;1
TD02-074BR;;2;7 314,00;1
TD03-002;;8;5 225,00;1
TD03-005;;9;6 618,00;1
TD03-007;;5;6 618,00;1
TD04-000;;2;5 573,00;1
TD04-002;;3;5 573,00;1
TD04-004;;2;5 573,00;
TD04-006;;4;7 140,00;1
TD04-009;;2;7 140,00;
TD04-010;;4;7 140,00;1
TD04-016;Старое TD04-063;5;7 140,00;1
TD04-022;;2;6 966,00;1
TD04-036R;;2;7 140,00;
TD04-039;;6;5 921,00;1
TD04-045;;2;7 314,00;1
TD04-046;;2;6 792,00;
TD04-048;;2;6 269,00;1
TD04-049;;2;9 056,00;1
TD04-054R;;23;6 618,00;1
TD04-059;;2;6 269,00;1
TD04-062;;3;7 314,00;1
TD04-066;;3;6 095,00;
TD04-073;;3;7 314,00;1
TD04-083;;4;7 140,00;1
TD04-096;;2;7 140,00;1
TD04-099;;3;7 314,00;1
TD04-109BR;;2;8 359,00;1
TD04-121B;;3;8 359,00;1
TD04-138BR;;2;8 533,00;1
TD04-VG1;;2;7 314,00;1
TD04-VG12;;3;7 314,00;1
TD04-VG14;;6;8 533,00;1
TD04-VG2;;2;7 314,00;1
TD04-VG7;;2;8 708,00;1
TD04-VG8;;1;8 708,00;1
TD05-001;;1;8 359,00;1
TD05-004;;2;6 966,00;
TD05-025;;5;7 663,00;1
TF035-000;;6;6 269,00;1
TF035-001;;2;5 921,00;1
TF035-009;;7;5 573,00;1
TF035-012;;2;5 921,00;1
TF035-029;;3;5 573,00;
TF035-030;;2;6 095,00;1
TF035-VG10BR;;2;6 792,00;1
TF035-VG12B;;6;7 663,00;1
TF035-VG3;;3;6 618,00;1
TF035-VG5;;4;6 966,00;1
TF035-VG6B;;6;7 314,00;1
AC-BM001e;;2;5 921,00;1
AC-BM003e;;2;7 663,00;1
AC-BW004;;3;1 358,00;1
AC-BW008;;2;2 003,00;
AC-BW008-1;;2;1 829,00;
AC-BW010;;2;2 194,00;1
AC-BW033e;;1;8 359,00;
AC-Co001e;;1;10 449,00;1
AC-CZ002;;3;1 428,00;1
AC-G023;;1;1 115,00;1
AC-G034;;2;1 567,00;
AC-G072;;2;1 916,00;1
AC-G076;;1;1 742,00;1
AC-G080;;2;1 567,00;1
AC-G084-1ev;;2;1 376,00;1
AC-G112-2;;2;1 654,00;1
AC-G144e;;2;5 399,00;1
AC-G150eh;;5;4 528,00;1
AC-G151eh;;2;4 528,00;1
AC-G152eh;;2;4 528,00;1
AC-G216e;;2;5 225,00;1
AC-G222eh;;1;7 837,00;
AC-G224eh;;3;7 488,00;1
AC-G228eh;;4;8 011,00;1
AC-G234-1eh;;1;8 533,00;
AC-G234eh;;1;4 702,00;1
AC-G235;59;4;958,00;1
AC-G244eh;;1;4 528,00;1
AC-G245-1eh;;1;7 837,00;
AC-G250eh;;2;4 528,00;1
AC-G251eh;;3;4 528,00;1
AC-G258eh;;2;7 663,00;
AC-G260eh;;1;7 488,00;1
AC-G393eh;AC-G263-1eh;2;8 185,00;1
AC-G263eh;;2;7 663,00;1
AC-G266e;;1;5 225,00;1
AC-G267e;;2;5 573,00;
AC-G275-1ev;;2;3 222,00;
AC-G275e;;1;5 747,00;1
AC-G284-2v;;2;1 080,00;1
AC-G292eh;;1;4 876,00;1
AC-G293eh;;1;4 702,00;
AC-G294eh;;1;4 615,00;1
AC-G299e;;1;5 573,00;
AC-G318e;;1;5 747,00;
AC-G323;;3;1 916,00;1
AC-G349eh;;2;4 702,00;
AC-G382eh;;1;4 702,00;1
AC-G383eh;;1;4 702,00;1
AC-G385-1eh;;1;7 663,00;
AC-G394eh;;1;7 488,00;
AC-G404eh;;1;6 618,00;
AC-G432eh;;2;7 663,00;
AC-G505eh;;2;4 528,00;1
AC-G506e;;2;5 225,00;1
AC-G509e;;2;10 797,00;1
AC-G516eh;;2;8 011,00;
AC-H002;;12;1 254,00;1
AC-H003;;2;1 254,00;1
AC-H004;;3;1 742,00;1
AC-H007;;3;5 921,00;1
AC-H034;;3;1 428,00;1
AC-I008;;2;2 090,00;
AC-I021;;2;1 393,00;1
AC-I026;;2;1 654,00;
AC-I038;;3;1 236,00;1
AC-I040-1ev;Старое AC-I093-1e/ AC-G276-1ev;2;1 829,00;1
AC-I045;;4;1 254,00;1
AC-I073-1ev;;4;2 525,00;
AC-I085e;;1;10 623,00;1
AC-I097;Старое AC-I091-3;5;1 393,00;1
AC-I098e;;2;7 837,00;1
AC-I099e;;2;6 618,00;1
AC-I100e;;2;8 011,00;1
AC-I162-1ev;;3;2 090,00;
AC-I166e;;1;8 185,00;1
AC-K006;;1;1 219,00;1
AC-K011;;1;1 567,00;1
AC-K013;;3;2 003,00;1
AC-K024;;3;1 341,00;
AC-K038;Старое AC-K080-1;1;1 637,00;1
AC-K043e;;1;5 921,00;
AC-K050;Старое AC-K001;3;1 184,00;1
AC-K074;;2;1 115,00;
AC-K041;Старое AC-K080,AC-K079;2;1 480,00;1
AC-K083;;1;1 672,00;1
AC-K085;;2;1 219,00;1
AC-K099e;;5;11 146,00;1
AC-K103;;3;1 219,00;1
AC-K103-1ev;AC-K067-1ev / AC-K299-2ev;2;871,00;1
AC-K103-2v;;2;940,00;
AC-K105eh;;1;8 533,00;
AC-K106eh;;3;7 837,00;1
AC-K109;;2;1 742,00;1
AC-K111e;;1;7 837,00;
AC-K112;;2;2 786,00;
AC-K113eh;;1;7 663,00;1
AC-K132e;;1;5 399,00;
AC-K136-1ev;;2;2 351,00;1
AC-K136-2ev;;1;1 149,00;
AC-K143-1e;;2;17 415,00;
AC-K143e;;2;17 415,00;
AC-K146;;2;1 689,00;
AC-K158eh;;1;4 702,00;
AC-K162eh;;6;4 528,00;1
AC-K194;;2;2 438,00;1
AC-K195e;;2;13 758,00;1
AC-K214e;;1;10 797,00;
AC-K217eh;;3;10 449,00;1
AC-K234e;;2;6 966,00;
AC-K302e;;3;12 365,00;1
AC-KA001;;7;1 149,00;1
AC-KA004;;1;1 567,00;1
AC-M006;;2;1 254,00;1
AC-M011;;2;1 829,00;1
AC-M027;;2;1 916,00;
AC-M031;;3;1 480,00;
AC-M034-1eh;;1;4 702,00;1
AC-M034-2eh;;2;7 663,00;
AC-M049;;2;1 306,00;
AC-M069;;1;1 428,00;1
TN-AC-M109e;;2;19 157,00;
AC-M121eh;;5;7 488,00;1
AC-M123;;2;1 254,00;
AC-M168;;1;2 961,00;
TN-AC-M179-1e;;2;7 837,00;1
TN-AC-M219e;;3;7 837,00;
AC-S030-1;;1;1 829,00;
AC-S038;;10;2 003,00;1
AC-T017;;1;1 167,00;
AC-T021;;1;1 829,00;1
AC-T024e;;2;7 488,00;1
TN-EAI-002;;2;1 567,00;
TN-EAI-001;C;8;1 567,00;1
TN-EAI-003;D;5;1 567,00;1
TN-EAM-004;D;2;3 135,00;1
TN-EAW-001-1;;3;2 438,00;
TN-EAW-001;;20;1 219,00;
TN-EAW-003;D;9;1 219,00;
TN-EAW-002;B;5;1 219,00;1
CH-BW004;;2;6 618,00;1
TH-BM002;;3;6 269,00;1
TH-BW009MS;;1;11 494,00;1
TN-TH-BW031;1147-970-0043;3;16 893,00;1
TH-BW038;;2;6 618,00;1
TH-Co001-1MS;;4;12 887,00;1
TN-TH-Co001M;чугун;1;24 903,00;1
TH-CZ007S;;5;5 050,00;1
TH-G023;;2;3 396,00;1
TH-G058MS;;1;10 797,00;
TH-G076;;2;5 921,00;1
TH-G121S;;4;3 831,00;1
TH-G132MS;;1;11 494,00;1
TH-G138;;1;4 093,00;
TH-G143;;4;3 483,00;1
TH-G146MS;;11;5 921,00;1
TH-G154S;;3;3 309,00;
TH-G164-1S;;2;5 921,00;
TH-G170;;2;4 267,00;1
TH-G222MS;;2;12 713,00;1
TH-G223S;;2;5 921,00;1
TH-G236;;2;3 483,00;
TH-G252S;;5;4 180,00;1
TH-G269MS;;2;12 887,00;
TH-G274M;;2;16 370,00;1
TH-G288;;3;5 225,00;1
TH-G379;;2;9 056,00;1
TH-G396;;2;3 570,00;1
TH-G516;;3;9 230,00;1
TH-H073;;4;6 182,00;1
TH-I005;;3;4 005,00;1
TH-I012;;12;2 961,00;1
TH-I016S;;1;6 269,00;1
TH-I019;;2;3 135,00;
TH-I028;;7;6 444,00;1
TH-I033S;;7;4 702,00;1
TH-I034S;;2;4 876,00;1
TH-I044MS;;3;8 882,00;1
TH-I047MS;;8;8 708,00;1
TH-I049-1MS;;4;11 668,00;1
TH-I049MS;;6;11 668,00;1
TH-I136MS;;32;10 449,00;1
TH-I154M;;2;13 061,00;1
TH-I211M;;3;18 112,00;
TH-K001-1S;;4;2 873,00;1
TH-K001S;;3;2 873,00;1
TH-K012;;3;5 573,00;1
TH-K014;;3;4 267,00;1
TH-K020MS;;1;9 927,00;
TH-K022MS;с крутилкой;7;11 320,00;1
TH-K036-2MS;;1;11 146,00;1
TH-K036MS;без крутилки 0136;17;10 971,00;1
TH-K039MS;;1;11 581,00;1
TH-K041S;;6;4 354,00;1
TH-K046;;2;3 657,00;1
TH-K049-1MS;;13;11 233,00;1
TH-K060S;;7;4 702,00;1
TH-K061MS;;6;9 927,00;1
TH-K062;;5;4 267,00;1
TH-K063M;;3;12 887,00;
TH-K076;;5;5 225,00;1
TH-K088S;;3;4 180,00;
TH-K146;;1;4 005,00;1
TH-KA001-1;TKP7C6M;3;3 222,00;1
TH-M005;;1;3 309,00;1
TH-M006;;1;4 180,00;
TH-M008;;2;4 528,00;
TH-M017;;2;4 180,00;
TH-M024S;Старый TH-M069;1;3 309,00;1
TH-M026S;;1;3 135,00;
TH-M030S;;1;4 528,00;1
TH-M051-1MS;;8;18 286,00;1
TH-M055S;;3;6 618,00;1
TH-M103S;;4;6 618,00;1
TH-M106S;;1;5 399,00;1
TH-M138;;5;4 005,00;1
TH-M223M;;4;15 674,00;1
TH-T006;;2;3 483,00;1
TH-T013;;3;7 663,00;1
TH-T014;;3;3 222,00;
GK-0002;;2;209,00;
GK-0003;;3;366,00;1
GK-0020;;2;209,00;1
GK-0061;;1;157,00;
GK-0076;;2;522,00;
GK-0079;;3;331,00;1
GK-0087;;2;348,00;1
GK-0088;;1;279,00;1
GK-0152;;2;348,00;1
GK-0154;;1;261,00;1
GK-0158;;3;157,00;
GK-0164;;3;296,00;
GK-0182;;2;261,00;
GK-0208;;2;261,00;
GK-0221;;2;348,00;
GK-0275;;2;488,00;1
GK-0279;;2;348,00;
GK-0283;;2;261,00;1
GK-0296;Старое GK-0006;2;226,00;
GK-0309;;2;383,00;1
GK-0318;;2;261,00;
GK-0340;;3;331,00;
GK-0350;;2;192,00;1
GK-0362;;3;244,00;
GK-0380;;6;192,00;1
GK-0434;;2;261,00;1
GK-0452;;3;348,00;
GK-0473;;2;296,00;
GK-0161-1;GK-0641;2;279,00;1
GK-0659;Старое GK-0959;5;522,00;1
GK-0676;;2;575,00;1
GK-0680;;2;348,00;1
GK-0683;;2;1 393,00;1
GK-0684;;4;1 045,00;
GK-0691;;2;244,00;
GK-0695;;2;366,00;1
GK-0701;;2;871,00;
GK-0702;;1;1 306,00;1
GK-0705;;4;279,00;
GK-0707;;4;401,00;
GK-0709;;3;244,00;1
GK-0710;;3;313,00;
GK-0724;;2;610,00;1
GK-0733;;2;557,00;1
GK-0761;;3;331,00;
GK-0771;;2;261,00;
GK-0816;;1;261,00;1
GK-0825;;2;279,00;
GK-0844;;2;174,00;
GK-0859;;2;522,00;
GK-0884;;3;296,00;
GK-0928;;3;279,00;
GK-0931;;1;348,00;
GK-0933;;4;557,00;1
GK-0959;Заменили на GK-0659;2;313,00;
NR-VG1-7a;;11;192,00;1
NR-VG9-7a;;6;261,00;1
RK-BM2-1R;;3;1 637,00;
RK-BW1-1;;2;1 829,00;1
RK-BW10-1;;1;1 707,00;1
RK-BW11-1;;2;2 525,00;1
RK-BW2-1;;6;1 829,00;1
RK-BW2-3;;1;1 916,00;1
RK-BW2-4;;6;2 038,00;1
RK-BW3-1;;12;2 125,00;1
RK-BW4-1R;;3;1 776,00;1
RK-BW4-2;;2;1 654,00;1
RK-BW4-5R;;2;1 620,00;1
RK-BW6-1;;4;1 167,00;
RK-C1-1;;2;1 306,00;1
RK-C2-1;K27-145,;2;1 254,00;1
RK-C3-1;;4;1 742,00;1
RK-C5-1;С13-267,C13-297,53443.111;4;1 776,00;1
RK-G1-2;;1;958,00;
RK-G10-2;;1;1 306,00;
RK-G11-1;;4;1 428,00;
RK-G11-2;;2;1 254,00;1
RK-G13-1;;4;1 271,00;1
RK-G13-4;;2;1 306,00;1
RK-G13-5R;;3;1 358,00;
RK-G18-1;;2;2 525,00;1
RK-G19-1;;3;958,00;1
RK-G19-11;;2;1 045,00;1
RK-G19-13;;4;1 045,00;1
RK-G19-2;;6;1 010,00;1
RK-G19-3;;2;993,00;1
RK-G19-4-1;;2;958,00;1
RK-G23-1;;6;1 341,00;1
RK-G23-3;;3;1 498,00;
RK-G24-1;;3;2 647,00;1
RK-G24-5;;3;1 654,00;
RK-G25-3;;4;3 048,00;1
RK-G25-4;;5;2 926,00;1
RK-G25-5;;5;2 961,00;1
RK-G27-1;;2;13 584,00;
RK-G3-1;;3;871,00;1
RK-G3-1-1;;3;906,00;
RK-G37-1;;2;1 219,00;1
RK-G37-2;;5;1 480,00;1
RK-G4-5;;4;958,00;1
RK-G47-2;;2;1 010,00;1
RK-G48-8;;2;1 271,00;
RK-G5-3-1;;6;906,00;1
RK-G5-3-3;;10;1 062,00;1
RK-G5-4;;2;1 254,00;
RK-G51-2;;7;2 473,00;1
RK-G52-1R;;3;1 010,00;1
RK-G53-1;11658570083;2;9 230,00;1
RK-G64-1;;3;2 438,00;1
RK-G67-1R;;1;1 271,00;1
RK-G8-1;;5;1 080,00;1
RK-G8-3-1;;2;1 654,00;1
RK-G8-4;;3;1 184,00;1
RK-G9-2;;2;2 438,00;1
RK-G9-3;;5;1 776,00;1
RK-H1-2;;2;1 341,00;1
RK-H11-1;;3;1 236,00;1
RK-H11-1-1;3597659;3;1 271,00;1
RK-H11-2;;2;1 776,00;
RK-H12-1;;5;1 358,00;1
RK-H12-1-1;;24;1 411,00;1
RK-H12-3;;2;1 950,00;1
RK-H13-1;;7;2 090,00;1
RK-H14-1;;1;1 254,00;1
RK-H14-2;;3;1 654,00;
RK-H15-1;;4;1 776,00;1
RK-H15-3;;2;2 038,00;1
RK-H16-1;;2;2 003,00;1
RK-H16-2;;2;1 950,00;1
RK-H22-1;;5;2 299,00;1
RK-H22-2;;6;1 916,00;1
RK-H3-2;;2;1 167,00;1
RK-H4-1;;4;2 612,00;1
RK-H4-2;;6;2 612,00;
RK-H6-1;;7;906,00;1
RK-H6-2;;6;1 236,00;1
RK-H6-2-1;;2;1 236,00;1
RK-H6-3;;3;1 236,00;1
RK-H9-1;;2;1 184,00;1
RK-Hi2-1;;3;1 742,00;
RK-Hi3-1;;2;1 271,00;1
RK-I1-1;;2;1 045,00;1
RK-I11-1;;25;1 097,00;1
RK-I13-1;;20;1 254,00;1
RK-I13-3;;8;1 132,00;1
RK-I14-3;;2;11 320,00;
RK-I24-1;;4;1 132,00;1
RK-I27-1R;;1;1 324,00;1
RK-I3-1;;2;1 271,00;
RK-I34-1;;2;1 602,00;1
RK-I4-1;;3;958,00;1
RK-I5-1;;10;958,00;1
RK-I6-1;;5;958,00;1
RK-I6-2;;3;958,00;1
RK-I6-3;;2;958,00;1
RK-I6-3-1;;4;958,00;1
RK-I6-4;;1;923,00;
RK-I8-1;;4;958,00;1
RK-I8-2;;3;993,00;
RK-K1-1;;14;975,00;1
RK-K1-3;;2;1 341,00;1
RK-K1-4;;4;1 219,00;1
RK-K12-2;;2;958,00;
RK-K13-1;;2;993,00;1
RK-K13-3;;3;1 045,00;
RK-K13-5;;4;1 080,00;1
RK-K14-3;;3;1 306,00;
RK-K17-1;;10;1 863,00;1
RK-K18-3;;3;1 097,00;1
RK-K18-4;;3;1 306,00;1
RK-K18-5;;3;1 097,00;1
RK-K18-6;;2;2 438,00;1
RK-K18-7;;1;1 358,00;1
RK-K18-8;;5;1 306,00;1
RK-K18-9;;14;1 254,00;1
RK-K25-1;;2;1 149,00;1
RK-K27-1;;6;1 742,00;1
RK-K3-3;;1;1 184,00;1
RK-K4-2;;4;1 097,00;1
RK-K4-4;;5;1 707,00;1
RK-K6-4;;8;1 149,00;1
RK-K8-1;;2;1 602,00;1
RK-KA1-1;TKP7C6;9;1 341,00;1
RK-KA10-1;;6;3 831,00;1
RK-KA12-1;;2;1 445,00;1
RK-KA3-1;;10;1 916,00;1
RK-KA4-2;TKP50;1;1 306,00;
RK-KA6-1;;2;1 829,00;1
RK-KA7-1;TKP80.15.13;3;1 393,00;1
RK-KY1-1;;6;1 742,00;1
RK-M1-1;;5;1 219,00;1
RK-M1-2;;2;1 167,00;1
RK-M1-2-1;;9;975,00;1
RK-M1-4R;;2;1 097,00;1
RK-M3-1;;3;1 341,00;1
RK-M3-2;;3;1 306,00;
RK-M3-3R;;3;1 184,00;
RK-M5-2-1;;3;1 358,00;1
RK-M5-3-1;;2;1 306,00;1
RK-M7-2;;3;1 463,00;1
RK-M8-1;;5;1 341,00;1
RK-M8-2;;2;1 341,00;
RK-M8-3-1;;2;1 097,00;1
RK-M8-4-1;;2;1 097,00;1
RK-M9-1;;3;1 184,00;1
RK-M9-1-1;;2;1 010,00;1
RK-S1-1;;4;958,00;1
RK-S1-2;;3;958,00;1
RK-S14-1;;18;1 324,00;1
RK-S21-2;;6;1 428,00;1
RK-S23-1;;6;1 445,00;1
RK-S24-1;;2;3 135,00;1
RK-S4-1;;3;1 567,00;1
RK-S5-1;S2B;2;1 358,00;1
RK-S7-1;;6;1 341,00;1
RK-S8-1;;1;2 055,00;1
RK-S8-1-1;;8;2 038,00;1
RK-S8-2;;1;2 612,00;1
RK-T11-1;;5;1 254,00;1
RK-T12-1;;1;1 184,00;
RK-T13-1;;2;15 674,00;1
RK-T3-1;;2;1 341,00;1
RK-T5-1;;2;1 567,00;1
RK-T8-1;;2;993,00;1
RK-T8-2;;2;993,00;1
VSG-G006;;2;418,00;
Turbo-K027;;3;21 246,00;1
Turbo-BW011S;B01G/1639-970-0016/28500-2B760;2;32 392,00;1
Turbo-BW012;B2G/1270-970-0067/5361118010;2;26 993,00;1
Turbo-BW018;;2;20 898,00;
Turbo-Co001S;;1;43 189,00;1
Turbo-CZ009S;С13-267,C13-295;4;21 420,00;1
Turbo-G007;;4;12 539,00;
Turbo-G015;;1;17 241,00;1
Turbo-G016S;;2;21 420,00;
Turbo-G020;;3;17 415,00;1
Turbo-G046-1;711736-0026/2674A226;4;14 629,00;1
Turbo-G058;;4;24 729,00;1
Turbo-G062;;3;13 932,00;
Turbo-G069;700716-0001/8972089662;1;15 674,00;
Turbo-G083S;;1;13 410,00;1
Turbo-G102S;;1;24 555,00;1
Turbo-G118;;2;26 123,00;
Turbo-G121S;;1;15 674,00;1
Turbo-G129;;5;26 819,00;1
Turbo-G136;;2;24 381,00;1
Turbo-G139S;;2;20 898,00;1
Turbo-G143S;;2;27 342,00;1
Turbo-G214S;;1;25 948,00;
Turbo-G215;;3;20 376,00;
Turbo-G215-1;;1;24 903,00;1
Turbo-G249S;;2;32 740,00;
Turbo-G294S;;2;13 932,00;1
Turbo-G295S;;2;35 701,00;1
Turbo-G296S;;2;15 674,00;1
Turbo-G319S;;2;21 246,00;1
Turbo-G337;;3;27 864,00;1
Turbo-G343;;1;15 848,00;1
Turbo-G368;;2;34 133,00;1
Turbo-G372;;1;28 735,00;1
Turbo-G408S;;4;18 808,00;1
Turbo-G430S;;1;32 218,00;1
Turbo-G432;;2;15 325,00;
Turbo-G440;;1;19 331,00;1
Turbo-G546;779839-0025/2057668;2;33 089,00;1
Turbo-G768;;1;36 049,00;1
Turbo-G781;;1;40 055,00;1
Turbo-H007;ВХ40 Вт/3536309;2;18 808,00;
Turbo-H081-1;HE400WG/45104111810690;2;24 381,00;
Turbo-I010;;1;14 629,00;1
Turbo-I013;;1;23 510,00;1
Turbo-I031S;;4;25 426,00;1
Turbo-I032S;;3;30 128,00;1
Turbo-I033s;;4;30 476,00;1
Turbo-I044S;;3;20 027,00;1
Turbo-I058;;2;30 476,00;1
Turbo-I063S;;2;27 864,00;1
Turbo-I177;;3;26 993,00;1
Turbo-K008S;;1;12 191,00;1
Turbo-K010;;3;17 763,00;1
Turbo-K013;;2;14 629,00;
Turbo-K027-1;;3;20 898,00;1
Turbo-K028;;2;13 235,00;1
Turbo-K029;;5;24 903,00;1
Turbo-K031;;1;14 803,00;1
Turbo-K033S;;3;13 410,00;1
Turbo-K034S;;2;18 112,00;1
Turbo-K035;;2;14 803,00;1
Turbo-K040S;;2;13 235,00;1
Turbo-K043S;;2;27 167,00;1
Turbo-K047S;;1;23 336,00;1
Turbo-K061S;;2;24 381,00;1
Turbo-K067S;;1;34 133,00;1
Turbo-K071;;2;13 410,00;1
Turbo-K071-1;;2;15 848,00;1
Turbo-K073S;;2;16 022,00;1
Turbo-K092S;;1;25 426,00;1
Turbo-K106S;;3;18 286,00;1
Turbo-K109;;3;30 476,00;1
Turbo-K123S;;2;21 420,00;1
Turbo-K134S;;1;24 729,00;
Turbo-K137S;;1;30 650,00;1
Turbo-K144S;газель евро 5;5;33 437,00;1
Turbo-K263S;;3;34 830,00;1
Turbo-M003;;1;13 932,00;1
Turbo-M006;;1;13 061,00;1
Turbo-M010S;;1;27 516,00;
Turbo-M011S;;1;27 864,00;
Turbo-M013S;;2;17 763,00;
Turbo-M016S;;1;12 365,00;1
Turbo-M017S;;1;15 325,00;1
Turbo-M018;;3;14 803,00;1
Turbo-M026S;;1;28 561,00;1
Turbo-M032;;2;15 674,00;
Turbo-M032-2S;;2;13 061,00;
Turbo-M033;;3;20 898,00;1
Turbo-M034;;2;20 201,00;1
Turbo-M037;;3;13 061,00;1
Turbo-M044;;3;20 898,00;1
Turbo-M045S;;1;24 381,00;1
Turbo-M060S;;2;18 808,00;1
Turbo-M070S;;2;23 859,00;1
Turbo-M071-1S;;2;41 274,00;
Turbo-M091;;2;16 370,00;1
Turbo-M097S;;1;16 022,00;1
Turbo-M108-1;;1;14 977,00;1
Turbo-M109;;3;13 758,00;1
Turbo-M137;;4;16 196,00;1
Turbo-M143S;;6;24 381,00;1
Turbo-M169;;1;19 157,00;1
Turbo-M176;;1;27 516,00;1
Turbo-M259;;1;15 674,00;
Turbo-M304;;3;32 044,00;1
Turbo-S001;S100/319246/04281437KZ 1303032;3;11 842,00;
Turbo-S092;S200/172534/RE509829;1;18 808,00;1
Turbo-T009-1S;;2;26 471,00;1
Turbo-T012;;3;16 893,00;1
Turbo-T015S;;1;28 909,00;
Turbo-T024S;;3;27 167,00;1
Turbo-VF001-OE;1370-000-065/5501660277;2;45 801,00;1
TN-Turbo-H045-oe;HE351W 4043980;2;24 207,00;1
TN-Turbo-H339;4036915;2;32 218,00;1
TN-Turbo-CZ004-oe;К27-145-01/7406.1118012;2;16 893,00;1
TN-Turbo-CZ004-1-oe;К27-145-02/7406.1118013;2;16 893,00;1
TN-Turbo-CZ009-yamz;С13-267/295-01/534431118010-10;2;21 769,00;1
TN-Turbo-CZ039;c14-127-01/3990014101;2;20 550,00;
AC-BW006;;1;1 567,00;1
AC-G022;;2;1 445,00;
AC-G066eh;757608;2;7 663,00;1
AC-G218-2eh;;3;7 837,00;1
AC-G218eh;;2;7 314,00;1
AC-G245eh;;1;4 528,00;1
AC-G259eh;;3;7 663,00;
AC-G274e;;4;5 747,00;1
AC-G282e;;2;5 399,00;
AC-G284-1ev;;2;871,00;1
AC-G293-1eh;;2;7 837,00;1
AC-G302-1eh;;2;9 230,00;1
AC-G309;;2;1 393,00;1
AC-G435eh;;1;5 399,00;1
AC-G538eh;;1;4 702,00;1
AC-H005;;2;1 254,00;1
AC-I040e;Старое AC-I073e;5;6 966,00;1
AC-I045-1;;7;1 219,00;1
AC-I073-2e;;9;5 573,00;1
AC-I074e;;1;8 011,00;1
AC-I091;;2;1 219,00;1
AC-I091-2;;9;1 306,00;1
AC-I101-1e;Старое AC-I158e / AC-I137e;7;7 140,00;1
AC-I101e;;1;8 708,00;1
AC-I118e;;2;8 708,00;1
AC-K015e;Старое AC-K015-2e;3;5 573,00;1
AC-K081-1ev;;3;1 742,00;1
AC-K081-2ev;;3;871,00;1
AC-K118eh;;2;10 623,00;1
AC-K171eh;;13;7 663,00;1
AC-K177eh;;3;10 623,00;1
AC-M146e;;1;7 140,00;
AC-M179e;;1;7 314,00;1
AC-M197e;;3;6 444,00;1
AC-T026e;;4;6 792,00;1
AC-T031-1e;;1;6 966,00;1
AC-T031e;;3;6 618,00;1
ACP-AR067;;15;557,00;1
Turbo-G135S;;8;21 072,00;1
Turbo-T013S;;3;29 257,00;1
HX5-045B;;4;15 325,00;1
HY55-005B;;2;50 504,00;1
GT12-029B;;4;7 314,00;1
AC-K089-1ev;;1;2 699,00;1
TN-Turbo-S083-3-oe;1258-970-0011;2;28 561,00;1
TH-M193M;;4;19 157,00;1
RK-G63-1;;2;1 254,00;1
Turbo-Co001-1S;;2;40 925,00;1
